run-id,use_vernalisation_fix,sowing-date,harvest-date,crop-id-1,crop-id-2,sim.json,crop.json,site.json,incl_hist,climate_path_to_latlon_file,climate_path_to_csvs,gcm,rcm,scenario,ensmem,version,start_date,end_date,groundwater-level,impenetrable-layer,elevation,slope,latitude,landcover,fertilization,NitrogenResponseOn,irrigation,WaterDeficitResponseOn,EmergenceMoistureControlOn,EmergenceFloodingControlOn,LeafExtensionModifier,CO2,O3,comment,,,
1,TRUE,fixed,auto,WW_sfix_hauto,Soy_sfix_hauto,sim.json,crop.json,site.json,TRUE,dwd_core_ensemble,dwd_core_ensemble/csvs_dwd_core_ensemble/{gcm}/{rcm}/{scenario}/{ensmem}/{version}/row-{crow}/col-{ccol}.csv,CCCma-CanESM2,CLMcom-CCLM4-8-17,rcp85,r1i1p1,v1,1960-01-01,2049-12-31,FALSE,FALSE,TRUE,TRUE,TRUE,FALSE,FALSE,TRUE,FALSE,TRUE,TRUE,FALSE,FALSE,,,simulation_sole wheat -RGT,,,
2,TRUE,fixed,auto,WW_sfix_hauto,Soy_sfix_hauto,sim.json,crop.json,site.json,TRUE,dwd_core_ensemble,dwd_core_ensemble/csvs_dwd_core_ensemble/{gcm}/{rcm}/{scenario}/{ensmem}/{version}/row-{crow}/col-{ccol}.csv,ICHEC-EC-EARTH,KNMI-RACMO22E,rcp26,r12i1p1,v1,1960-01-01,2049-12-31,FALSE,FALSE,TRUE,TRUE,TRUE,FALSE,FALSE,TRUE,FALSE,TRUE,TRUE,FALSE,FALSE,,,simulation_sole wheat -RGT,,,
3,TRUE,fixed,auto,WW_sfix_hauto,Soy_sfix_hauto,sim.json,crop.json,site.json,TRUE,dwd_core_ensemble,dwd_core_ensemble/csvs_dwd_core_ensemble/{gcm}/{rcm}/{scenario}/{ensmem}/{version}/row-{crow}/col-{ccol}.csv,ICHEC-EC-EARTH,KNMI-RACMO22E,rcp45,r12i1p1,v1,1960-01-01,2049-12-31,FALSE,FALSE,TRUE,TRUE,TRUE,FALSE,FALSE,TRUE,FALSE,TRUE,TRUE,FALSE,FALSE,,,simulation_sole wheat -RGT,,,
4,TRUE,fixed,auto,WW_sfix_hauto,Soy_sfix_hauto,sim.json,crop.json,site.json,TRUE,dwd_core_ensemble,dwd_core_ensemble/csvs_dwd_core_ensemble/{gcm}/{rcm}/{scenario}/{ensmem}/{version}/row-{crow}/col-{ccol}.csv,ICHEC-EC-EARTH,KNMI-RACMO22E,rcp85,r1i1p1,v1,1960-01-01,2049-12-31,FALSE,FALSE,TRUE,TRUE,TRUE,FALSE,FALSE,TRUE,FALSE,TRUE,TRUE,FALSE,FALSE,,,simulation_sole wheat -RGT,,,
5,TRUE,fixed,auto,WW_sfix_hauto,Soy_sfix_hauto,sim.json,crop.json,site.json,TRUE,dwd_core_ensemble,dwd_core_ensemble/csvs_dwd_core_ensemble/{gcm}/{rcm}/{scenario}/{ensmem}/{version}/row-{crow}/col-{ccol}.csv,MIROC-MIROC5,CLMcom-CCLM4-8-17,rcp26,r1i1p1,v1,1960-01-01,2049-12-31,FALSE,FALSE,TRUE,TRUE,TRUE,FALSE,FALSE,TRUE,FALSE,TRUE,TRUE,FALSE,FALSE,,,simulation_sole wheat -RGT,,,
6,TRUE,fixed,auto,WW_sfix_hauto,Soy_sfix_hauto,sim.json,crop.json,site.json,TRUE,dwd_core_ensemble,dwd_core_ensemble/csvs_dwd_core_ensemble/{gcm}/{rcm}/{scenario}/{ensmem}/{version}/row-{crow}/col-{ccol}.csv,MIROC-MIROC5,GERICS-REMO2015,rcp85,r1i1p1,v1,1960-01-01,2049-12-31,FALSE,FALSE,TRUE,TRUE,TRUE,FALSE,FALSE,TRUE,FALSE,TRUE,TRUE,FALSE,FALSE,,,simulation_sole wheat -RGT,,,
7,TRUE,fixed,auto,WW_sfix_hauto,Soy_sfix_hauto,sim.json,crop.json,site.json,TRUE,dwd_core_ensemble,dwd_core_ensemble/csvs_dwd_core_ensemble/{gcm}/{rcm}/{scenario}/{ensmem}/{version}/row-{crow}/col-{ccol}.csv,MPI-M-MPI-ESM-LR,MPI-CSC-REMO2009,rcp26,r2i1p1,v1,1960-01-01,2049-12-31,FALSE,FALSE,TRUE,TRUE,TRUE,FALSE,FALSE,TRUE,FALSE,TRUE,TRUE,FALSE,FALSE,,,simulation_sole wheat -RGT,,,
8,TRUE,fixed,auto,WW_sfix_hauto,Soy_sfix_hauto,sim.json,crop.json,site.json,TRUE,dwd_core_ensemble,dwd_core_ensemble/csvs_dwd_core_ensemble/{gcm}/{rcm}/{scenario}/{ensmem}/{version}/row-{crow}/col-{ccol}.csv,MPI-M-MPI-ESM-LR,MPI-CSC-REMO2009,rcp45,r2i1p1,v1,1960-01-01,2049-12-31,FALSE,FALSE,TRUE,TRUE,TRUE,FALSE,FALSE,TRUE,FALSE,TRUE,TRUE,FALSE,FALSE,,,simulation_sole wheat -RGT,,,
9,TRUE,fixed,auto,WW_sfix_hauto,Soy_sfix_hauto,sim.json,crop.json,site.json,TRUE,dwd_core_ensemble,dwd_core_ensemble/csvs_dwd_core_ensemble/{gcm}/{rcm}/{scenario}/{ensmem}/{version}/row-{crow}/col-{ccol}.csv,MPI-M-MPI-ESM-LR,MPI-CSC-REMO2009,rcp85,r2i1p1,v1,1960-01-01,2049-12-31,FALSE,FALSE,TRUE,TRUE,TRUE,FALSE,FALSE,TRUE,FALSE,TRUE,TRUE,FALSE,FALSE,,,simulation_sole wheat -RGT,,,
10,TRUE,fixed,auto,WW_sfix_hauto,Soy_sfix_hauto,sim.json,crop.json,site.json,TRUE,dwd_core_ensemble,dwd_core_ensemble/csvs_dwd_core_ensemble/{gcm}/{rcm}/{scenario}/{ensmem}/{version}/row-{crow}/col-{ccol}.csv,MOHC-HadGEM2-ES,CLMcom-CCLM4-8-17,rcp45,r1i1p1,v1,1960-01-01,2049-12-31,FALSE,FALSE,TRUE,TRUE,TRUE,FALSE,FALSE,TRUE,FALSE,TRUE,TRUE,FALSE,FALSE,,,simulation_sole wheat -RGT,,,
11,TRUE,fixed,auto,WW_sfix_hauto,Soy_sfix_hauto,sim.json,crop.json,site.json,TRUE,dwd_core_ensemble,dwd_core_ensemble/csvs_dwd_core_ensemble/{gcm}/{rcm}/{scenario}/{ensmem}/{version}/row-{crow}/col-{ccol}.csv,MOHC-HadGEM2-ES,CLMcom-CCLM4-8-17,rcp85,r1i1p1,v1,1960-01-01,2049-12-31,FALSE,FALSE,TRUE,TRUE,TRUE,FALSE,FALSE,TRUE,FALSE,TRUE,TRUE,FALSE,FALSE,,,simulation_sole wheat -RGT,,,
12,TRUE,fixed,auto,WW_sfix_hauto,Soy_sfix_hauto,sim.json,crop.json,site.json,TRUE,dwd_core_ensemble,dwd_core_ensemble/csvs_dwd_core_ensemble/{gcm}/{rcm}/{scenario}/{ensmem}/{version}/row-{crow}/col-{ccol}.csv,MOHC-HadGEM2-ES,KNMI-RACMO22E,rcp26,r1i1p1,v2,1960-01-01,2049-12-31,FALSE,FALSE,TRUE,TRUE,TRUE,FALSE,FALSE,TRUE,FALSE,TRUE,TRUE,FALSE,FALSE,,,simulation_sole wheat -RGT,,,
13,TRUE,fixed,auto,WM_sfix_hauto,Soy_sfix_hauto,sim.json,crop.json,site.json,TRUE,dwd_core_ensemble,dwd_core_ensemble/csvs_dwd_core_ensemble/{gcm}/{rcm}/{scenario}/{ensmem}/{version}/row-{crow}/col-{ccol}.csv,CCCma-CanESM2,CLMcom-CCLM4-8-17,rcp85,r1i1p1,v1,1960-01-01,2049-12-31,FALSE,FALSE,TRUE,TRUE,TRUE,FALSE,FALSE,TRUE,FALSE,TRUE,TRUE,FALSE,FALSE,,,simulation_sole wheat -Moschus,,,
14,TRUE,fixed,auto,WM_sfix_hauto,Soy_sfix_hauto,sim.json,crop.json,site.json,TRUE,dwd_core_ensemble,dwd_core_ensemble/csvs_dwd_core_ensemble/{gcm}/{rcm}/{scenario}/{ensmem}/{version}/row-{crow}/col-{ccol}.csv,ICHEC-EC-EARTH,KNMI-RACMO22E,rcp26,r12i1p1,v1,1960-01-01,2049-12-31,FALSE,FALSE,TRUE,TRUE,TRUE,FALSE,FALSE,TRUE,FALSE,TRUE,TRUE,FALSE,FALSE,,,simulation_sole wheat -Moschus,,,
15,TRUE,fixed,auto,WM_sfix_hauto,Soy_sfix_hauto,sim.json,crop.json,site.json,TRUE,dwd_core_ensemble,dwd_core_ensemble/csvs_dwd_core_ensemble/{gcm}/{rcm}/{scenario}/{ensmem}/{version}/row-{crow}/col-{ccol}.csv,ICHEC-EC-EARTH,KNMI-RACMO22E,rcp45,r12i1p1,v1,1960-01-01,2049-12-31,FALSE,FALSE,TRUE,TRUE,TRUE,FALSE,FALSE,TRUE,FALSE,TRUE,TRUE,FALSE,FALSE,,,simulation_sole wheat -Moschus,,,
16,TRUE,fixed,auto,WM_sfix_hauto,Soy_sfix_hauto,sim.json,crop.json,site.json,TRUE,dwd_core_ensemble,dwd_core_ensemble/csvs_dwd_core_ensemble/{gcm}/{rcm}/{scenario}/{ensmem}/{version}/row-{crow}/col-{ccol}.csv,ICHEC-EC-EARTH,KNMI-RACMO22E,rcp85,r1i1p1,v1,1960-01-01,2049-12-31,FALSE,FALSE,TRUE,TRUE,TRUE,FALSE,FALSE,TRUE,FALSE,TRUE,TRUE,FALSE,FALSE,,,simulation_sole wheat -Moschus,,,
17,TRUE,fixed,auto,WM_sfix_hauto,Soy_sfix_hauto,sim.json,crop.json,site.json,TRUE,dwd_core_ensemble,dwd_core_ensemble/csvs_dwd_core_ensemble/{gcm}/{rcm}/{scenario}/{ensmem}/{version}/row-{crow}/col-{ccol}.csv,MIROC-MIROC5,CLMcom-CCLM4-8-17,rcp26,r1i1p1,v1,1960-01-01,2049-12-31,FALSE,FALSE,TRUE,TRUE,TRUE,FALSE,FALSE,TRUE,FALSE,TRUE,TRUE,FALSE,FALSE,,,simulation_sole wheat -Moschus,,,
18,TRUE,fixed,auto,WM_sfix_hauto,Soy_sfix_hauto,sim.json,crop.json,site.json,TRUE,dwd_core_ensemble,dwd_core_ensemble/csvs_dwd_core_ensemble/{gcm}/{rcm}/{scenario}/{ensmem}/{version}/row-{crow}/col-{ccol}.csv,MIROC-MIROC5,GERICS-REMO2015,rcp85,r1i1p1,v1,1960-01-01,2049-12-31,FALSE,FALSE,TRUE,TRUE,TRUE,FALSE,FALSE,TRUE,FALSE,TRUE,TRUE,FALSE,FALSE,,,simulation_sole wheat -Moschus,,,
19,TRUE,fixed,auto,WM_sfix_hauto,Soy_sfix_hauto,sim.json,crop.json,site.json,TRUE,dwd_core_ensemble,dwd_core_ensemble/csvs_dwd_core_ensemble/{gcm}/{rcm}/{scenario}/{ensmem}/{version}/row-{crow}/col-{ccol}.csv,MPI-M-MPI-ESM-LR,MPI-CSC-REMO2009,rcp26,r2i1p1,v1,1960-01-01,2049-12-31,FALSE,FALSE,TRUE,TRUE,TRUE,FALSE,FALSE,TRUE,FALSE,TRUE,TRUE,FALSE,FALSE,,,simulation_sole wheat -Moschus,,,
20,TRUE,fixed,auto,WM_sfix_hauto,Soy_sfix_hauto,sim.json,crop.json,site.json,TRUE,dwd_core_ensemble,dwd_core_ensemble/csvs_dwd_core_ensemble/{gcm}/{rcm}/{scenario}/{ensmem}/{version}/row-{crow}/col-{ccol}.csv,MPI-M-MPI-ESM-LR,MPI-CSC-REMO2009,rcp45,r2i1p1,v1,1960-01-01,2049-12-31,FALSE,FALSE,TRUE,TRUE,TRUE,FALSE,FALSE,TRUE,FALSE,TRUE,TRUE,FALSE,FALSE,,,simulation_sole wheat -Moschus,,,
21,TRUE,fixed,auto,WM_sfix_hauto,Soy_sfix_hauto,sim.json,crop.json,site.json,TRUE,dwd_core_ensemble,dwd_core_ensemble/csvs_dwd_core_ensemble/{gcm}/{rcm}/{scenario}/{ensmem}/{version}/row-{crow}/col-{ccol}.csv,MPI-M-MPI-ESM-LR,MPI-CSC-REMO2009,rcp85,r2i1p1,v1,1960-01-01,2049-12-31,FALSE,FALSE,TRUE,TRUE,TRUE,FALSE,FALSE,TRUE,FALSE,TRUE,TRUE,FALSE,FALSE,,,simulation_sole wheat -Moschus,,,
22,TRUE,fixed,auto,WM_sfix_hauto,Soy_sfix_hauto,sim.json,crop.json,site.json,TRUE,dwd_core_ensemble,dwd_core_ensemble/csvs_dwd_core_ensemble/{gcm}/{rcm}/{scenario}/{ensmem}/{version}/row-{crow}/col-{ccol}.csv,MOHC-HadGEM2-ES,CLMcom-CCLM4-8-17,rcp45,r1i1p1,v1,1960-01-01,2049-12-31,FALSE,FALSE,TRUE,TRUE,TRUE,FALSE,FALSE,TRUE,FALSE,TRUE,TRUE,FALSE,FALSE,,,simulation_sole wheat -Moschus,,,
23,TRUE,fixed,auto,WM_sfix_hauto,Soy_sfix_hauto,sim.json,crop.json,site.json,TRUE,dwd_core_ensemble,dwd_core_ensemble/csvs_dwd_core_ensemble/{gcm}/{rcm}/{scenario}/{ensmem}/{version}/row-{crow}/col-{ccol}.csv,MOHC-HadGEM2-ES,CLMcom-CCLM4-8-17,rcp85,r1i1p1,v1,1960-01-01,2049-12-31,FALSE,FALSE,TRUE,TRUE,TRUE,FALSE,FALSE,TRUE,FALSE,TRUE,TRUE,FALSE,FALSE,,,simulation_sole wheat -Moschus,,,
24,TRUE,fixed,auto,WM_sfix_hauto,Soy_sfix_hauto,sim.json,crop.json,site.json,TRUE,dwd_core_ensemble,dwd_core_ensemble/csvs_dwd_core_ensemble/{gcm}/{rcm}/{scenario}/{ensmem}/{version}/row-{crow}/col-{ccol}.csv,MOHC-HadGEM2-ES,KNMI-RACMO22E,rcp26,r1i1p1,v2,1960-01-01,2049-12-31,FALSE,FALSE,TRUE,TRUE,TRUE,FALSE,FALSE,TRUE,FALSE,TRUE,TRUE,FALSE,FALSE,,,simulation_sole wheat -Moschus,,,
25,TRUE,fixed,auto,Soy_sfix_hauto,Soy_sfix_hauto,sim.json,crop.json,site.json,TRUE,dwd_core_ensemble,dwd_core_ensemble/csvs_dwd_core_ensemble/{gcm}/{rcm}/{scenario}/{ensmem}/{version}/row-{crow}/col-{ccol}.csv,CCCma-CanESM2,CLMcom-CCLM4-8-17,rcp85,r1i1p1,v1,1960-01-01,2049-12-31,FALSE,FALSE,TRUE,TRUE,TRUE,FALSE,FALSE,TRUE,FALSE,TRUE,TRUE,FALSE,FALSE,,,simulation_sole soybean - Merlin,,,
26,TRUE,fixed,auto,Soy_sfix_hauto,Soy_sfix_hauto,sim.json,crop.json,site.json,TRUE,dwd_core_ensemble,dwd_core_ensemble/csvs_dwd_core_ensemble/{gcm}/{rcm}/{scenario}/{ensmem}/{version}/row-{crow}/col-{ccol}.csv,ICHEC-EC-EARTH,KNMI-RACMO22E,rcp26,r12i1p1,v1,1960-01-01,2049-12-31,FALSE,FALSE,TRUE,TRUE,TRUE,FALSE,FALSE,TRUE,FALSE,TRUE,TRUE,FALSE,FALSE,,,simulation_sole soybean - Merlin,,,
27,TRUE,fixed,auto,Soy_sfix_hauto,Soy_sfix_hauto,sim.json,crop.json,site.json,TRUE,dwd_core_ensemble,dwd_core_ensemble/csvs_dwd_core_ensemble/{gcm}/{rcm}/{scenario}/{ensmem}/{version}/row-{crow}/col-{ccol}.csv,ICHEC-EC-EARTH,KNMI-RACMO22E,rcp45,r12i1p1,v1,1960-01-01,2049-12-31,FALSE,FALSE,TRUE,TRUE,TRUE,FALSE,FALSE,TRUE,FALSE,TRUE,TRUE,FALSE,FALSE,,,simulation_sole soybean - Merlin,,,
28,TRUE,fixed,auto,Soy_sfix_hauto,Soy_sfix_hauto,sim.json,crop.json,site.json,TRUE,dwd_core_ensemble,dwd_core_ensemble/csvs_dwd_core_ensemble/{gcm}/{rcm}/{scenario}/{ensmem}/{version}/row-{crow}/col-{ccol}.csv,ICHEC-EC-EARTH,KNMI-RACMO22E,rcp85,r1i1p1,v1,1960-01-01,2049-12-31,FALSE,FALSE,TRUE,TRUE,TRUE,FALSE,FALSE,TRUE,FALSE,TRUE,TRUE,FALSE,FALSE,,,simulation_sole soybean - Merlin,,,
29,TRUE,fixed,auto,Soy_sfix_hauto,Soy_sfix_hauto,sim.json,crop.json,site.json,TRUE,dwd_core_ensemble,dwd_core_ensemble/csvs_dwd_core_ensemble/{gcm}/{rcm}/{scenario}/{ensmem}/{version}/row-{crow}/col-{ccol}.csv,MIROC-MIROC5,CLMcom-CCLM4-8-17,rcp26,r1i1p1,v1,1960-01-01,2049-12-31,FALSE,FALSE,TRUE,TRUE,TRUE,FALSE,FALSE,TRUE,FALSE,TRUE,TRUE,FALSE,FALSE,,,simulation_sole soybean - Merlin,,,
30,TRUE,fixed,auto,Soy_sfix_hauto,Soy_sfix_hauto,sim.json,crop.json,site.json,TRUE,dwd_core_ensemble,dwd_core_ensemble/csvs_dwd_core_ensemble/{gcm}/{rcm}/{scenario}/{ensmem}/{version}/row-{crow}/col-{ccol}.csv,MIROC-MIROC5,GERICS-REMO2015,rcp85,r1i1p1,v1,1960-01-01,2049-12-31,FALSE,FALSE,TRUE,TRUE,TRUE,FALSE,FALSE,TRUE,FALSE,TRUE,TRUE,FALSE,FALSE,,,simulation_sole soybean - Merlin,,,
31,TRUE,fixed,auto,Soy_sfix_hauto,Soy_sfix_hauto,sim.json,crop.json,site.json,TRUE,dwd_core_ensemble,dwd_core_ensemble/csvs_dwd_core_ensemble/{gcm}/{rcm}/{scenario}/{ensmem}/{version}/row-{crow}/col-{ccol}.csv,MPI-M-MPI-ESM-LR,MPI-CSC-REMO2009,rcp26,r2i1p1,v1,1960-01-01,2049-12-31,FALSE,FALSE,TRUE,TRUE,TRUE,FALSE,FALSE,TRUE,FALSE,TRUE,TRUE,FALSE,FALSE,,,simulation_sole soybean - Merlin,,,
32,TRUE,fixed,auto,Soy_sfix_hauto,Soy_sfix_hauto,sim.json,crop.json,site.json,TRUE,dwd_core_ensemble,dwd_core_ensemble/csvs_dwd_core_ensemble/{gcm}/{rcm}/{scenario}/{ensmem}/{version}/row-{crow}/col-{ccol}.csv,MPI-M-MPI-ESM-LR,MPI-CSC-REMO2009,rcp45,r2i1p1,v1,1960-01-01,2049-12-31,FALSE,FALSE,TRUE,TRUE,TRUE,FALSE,FALSE,TRUE,FALSE,TRUE,TRUE,FALSE,FALSE,,,simulation_sole soybean - Merlin,,,
33,TRUE,fixed,auto,Soy_sfix_hauto,Soy_sfix_hauto,sim.json,crop.json,site.json,TRUE,dwd_core_ensemble,dwd_core_ensemble/csvs_dwd_core_ensemble/{gcm}/{rcm}/{scenario}/{ensmem}/{version}/row-{crow}/col-{ccol}.csv,MPI-M-MPI-ESM-LR,MPI-CSC-REMO2009,rcp85,r2i1p1,v1,1960-01-01,2049-12-31,FALSE,FALSE,TRUE,TRUE,TRUE,FALSE,FALSE,TRUE,FALSE,TRUE,TRUE,FALSE,FALSE,,,simulation_sole soybean - Merlin,,,
34,TRUE,fixed,auto,Soy_sfix_hauto,Soy_sfix_hauto,sim.json,crop.json,site.json,TRUE,dwd_core_ensemble,dwd_core_ensemble/csvs_dwd_core_ensemble/{gcm}/{rcm}/{scenario}/{ensmem}/{version}/row-{crow}/col-{ccol}.csv,MOHC-HadGEM2-ES,CLMcom-CCLM4-8-17,rcp45,r1i1p1,v1,1960-01-01,2049-12-31,FALSE,FALSE,TRUE,TRUE,TRUE,FALSE,FALSE,TRUE,FALSE,TRUE,TRUE,FALSE,FALSE,,,simulation_sole soybean - Merlin,,,
35,TRUE,fixed,auto,Soy_sfix_hauto,Soy_sfix_hauto,sim.json,crop.json,site.json,TRUE,dwd_core_ensemble,dwd_core_ensemble/csvs_dwd_core_ensemble/{gcm}/{rcm}/{scenario}/{ensmem}/{version}/row-{crow}/col-{ccol}.csv,MOHC-HadGEM2-ES,CLMcom-CCLM4-8-17,rcp85,r1i1p1,v1,1960-01-01,2049-12-31,FALSE,FALSE,TRUE,TRUE,TRUE,FALSE,FALSE,TRUE,FALSE,TRUE,TRUE,FALSE,FALSE,,,simulation_sole soybean - Merlin,,,
36,TRUE,fixed,auto,Soy_sfix_hauto,Soy_sfix_hauto,sim.json,crop.json,site.json,TRUE,dwd_core_ensemble,dwd_core_ensemble/csvs_dwd_core_ensemble/{gcm}/{rcm}/{scenario}/{ensmem}/{version}/row-{crow}/col-{ccol}.csv,MOHC-HadGEM2-ES,KNMI-RACMO22E,rcp26,r1i1p1,v2,1960-01-01,2049-12-31,FALSE,FALSE,TRUE,TRUE,TRUE,FALSE,FALSE,TRUE,FALSE,TRUE,TRUE,FALSE,FALSE,,,simulation_sole soybean - Merlin,,,
37,TRUE,fixed,auto,WW_sfix_hauto,Soy_sfix_hauto,sim_MM.json,crop_MM.json,site.json,TRUE,dwd_core_ensemble,dwd_core_ensemble/csvs_dwd_core_ensemble/{gcm}/{rcm}/{scenario}/{ensmem}/{version}/row-{crow}/col-{ccol}.csv,CCCma-CanESM2,CLMcom-CCLM4-8-17,rcp85,r1i1p1,v1,1960-01-01,2049-12-31,FALSE,FALSE,TRUE,TRUE,TRUE,FALSE,FALSE,TRUE,FALSE,TRUE,TRUE,FALSE,FALSE,,,simulation_inter-RGT+Merlin,,,
38,TRUE,fixed,auto,WW_sfix_hauto,Soy_sfix_hauto,sim_MM.json,crop_MM.json,site.json,TRUE,dwd_core_ensemble,dwd_core_ensemble/csvs_dwd_core_ensemble/{gcm}/{rcm}/{scenario}/{ensmem}/{version}/row-{crow}/col-{ccol}.csv,ICHEC-EC-EARTH,KNMI-RACMO22E,rcp26,r12i1p1,v1,1960-01-01,2049-12-31,FALSE,FALSE,TRUE,TRUE,TRUE,FALSE,FALSE,TRUE,FALSE,TRUE,TRUE,FALSE,FALSE,,,simulation_inter-RGT+Merlin,,,
39,TRUE,fixed,auto,WW_sfix_hauto,Soy_sfix_hauto,sim_MM.json,crop_MM.json,site.json,TRUE,dwd_core_ensemble,dwd_core_ensemble/csvs_dwd_core_ensemble/{gcm}/{rcm}/{scenario}/{ensmem}/{version}/row-{crow}/col-{ccol}.csv,ICHEC-EC-EARTH,KNMI-RACMO22E,rcp45,r12i1p1,v1,1960-01-01,2049-12-31,FALSE,FALSE,TRUE,TRUE,TRUE,FALSE,FALSE,TRUE,FALSE,TRUE,TRUE,FALSE,FALSE,,,simulation_inter-RGT+Merlin,,,
40,TRUE,fixed,auto,WW_sfix_hauto,Soy_sfix_hauto,sim_MM.json,crop_MM.json,site.json,TRUE,dwd_core_ensemble,dwd_core_ensemble/csvs_dwd_core_ensemble/{gcm}/{rcm}/{scenario}/{ensmem}/{version}/row-{crow}/col-{ccol}.csv,ICHEC-EC-EARTH,KNMI-RACMO22E,rcp85,r1i1p1,v1,1960-01-01,2049-12-31,FALSE,FALSE,TRUE,TRUE,TRUE,FALSE,FALSE,TRUE,FALSE,TRUE,TRUE,FALSE,FALSE,,,simulation_inter-RGT+Merlin,,,
41,TRUE,fixed,auto,WW_sfix_hauto,Soy_sfix_hauto,sim_MM.json,crop_MM.json,site.json,TRUE,dwd_core_ensemble,dwd_core_ensemble/csvs_dwd_core_ensemble/{gcm}/{rcm}/{scenario}/{ensmem}/{version}/row-{crow}/col-{ccol}.csv,MIROC-MIROC5,CLMcom-CCLM4-8-17,rcp26,r1i1p1,v1,1960-01-01,2049-12-31,FALSE,FALSE,TRUE,TRUE,TRUE,FALSE,FALSE,TRUE,FALSE,TRUE,TRUE,FALSE,FALSE,,,simulation_inter-RGT+Merlin,,,
42,TRUE,fixed,auto,WW_sfix_hauto,Soy_sfix_hauto,sim_MM.json,crop_MM.json,site.json,TRUE,dwd_core_ensemble,dwd_core_ensemble/csvs_dwd_core_ensemble/{gcm}/{rcm}/{scenario}/{ensmem}/{version}/row-{crow}/col-{ccol}.csv,MIROC-MIROC5,GERICS-REMO2015,rcp85,r1i1p1,v1,1960-01-01,2049-12-31,FALSE,FALSE,TRUE,TRUE,TRUE,FALSE,FALSE,TRUE,FALSE,TRUE,TRUE,FALSE,FALSE,,,simulation_inter-RGT+Merlin,,,
43,TRUE,fixed,auto,WW_sfix_hauto,Soy_sfix_hauto,sim_MM.json,crop_MM.json,site.json,TRUE,dwd_core_ensemble,dwd_core_ensemble/csvs_dwd_core_ensemble/{gcm}/{rcm}/{scenario}/{ensmem}/{version}/row-{crow}/col-{ccol}.csv,MPI-M-MPI-ESM-LR,MPI-CSC-REMO2009,rcp26,r2i1p1,v1,1960-01-01,2049-12-31,FALSE,FALSE,TRUE,TRUE,TRUE,FALSE,FALSE,TRUE,FALSE,TRUE,TRUE,FALSE,FALSE,,,simulation_inter-RGT+Merlin,,,
44,TRUE,fixed,auto,WW_sfix_hauto,Soy_sfix_hauto,sim_MM.json,crop_MM.json,site.json,TRUE,dwd_core_ensemble,dwd_core_ensemble/csvs_dwd_core_ensemble/{gcm}/{rcm}/{scenario}/{ensmem}/{version}/row-{crow}/col-{ccol}.csv,MPI-M-MPI-ESM-LR,MPI-CSC-REMO2009,rcp45,r2i1p1,v1,1960-01-01,2049-12-31,FALSE,FALSE,TRUE,TRUE,TRUE,FALSE,FALSE,TRUE,FALSE,TRUE,TRUE,FALSE,FALSE,,,simulation_inter-RGT+Merlin,,,
45,TRUE,fixed,auto,WW_sfix_hauto,Soy_sfix_hauto,sim_MM.json,crop_MM.json,site.json,TRUE,dwd_core_ensemble,dwd_core_ensemble/csvs_dwd_core_ensemble/{gcm}/{rcm}/{scenario}/{ensmem}/{version}/row-{crow}/col-{ccol}.csv,MPI-M-MPI-ESM-LR,MPI-CSC-REMO2009,rcp85,r2i1p1,v1,1960-01-01,2049-12-31,FALSE,FALSE,TRUE,TRUE,TRUE,FALSE,FALSE,TRUE,FALSE,TRUE,TRUE,FALSE,FALSE,,,simulation_inter-RGT+Merlin,,,
46,TRUE,fixed,auto,WW_sfix_hauto,Soy_sfix_hauto,sim_MM.json,crop_MM.json,site.json,TRUE,dwd_core_ensemble,dwd_core_ensemble/csvs_dwd_core_ensemble/{gcm}/{rcm}/{scenario}/{ensmem}/{version}/row-{crow}/col-{ccol}.csv,MOHC-HadGEM2-ES,CLMcom-CCLM4-8-17,rcp45,r1i1p1,v1,1960-01-01,2049-12-31,FALSE,FALSE,TRUE,TRUE,TRUE,FALSE,FALSE,TRUE,FALSE,TRUE,TRUE,FALSE,FALSE,,,simulation_inter-RGT+Merlin,,,
47,TRUE,fixed,auto,WW_sfix_hauto,Soy_sfix_hauto,sim_MM.json,crop_MM.json,site.json,TRUE,dwd_core_ensemble,dwd_core_ensemble/csvs_dwd_core_ensemble/{gcm}/{rcm}/{scenario}/{ensmem}/{version}/row-{crow}/col-{ccol}.csv,MOHC-HadGEM2-ES,CLMcom-CCLM4-8-17,rcp85,r1i1p1,v1,1960-01-01,2049-12-31,FALSE,FALSE,TRUE,TRUE,TRUE,FALSE,FALSE,TRUE,FALSE,TRUE,TRUE,FALSE,FALSE,,,simulation_inter-RGT+Merlin,,,
48,TRUE,fixed,auto,WW_sfix_hauto,Soy_sfix_hauto,sim_MM.json,crop_MM.json,site.json,TRUE,dwd_core_ensemble,dwd_core_ensemble/csvs_dwd_core_ensemble/{gcm}/{rcm}/{scenario}/{ensmem}/{version}/row-{crow}/col-{ccol}.csv,MOHC-HadGEM2-ES,KNMI-RACMO22E,rcp26,r1i1p1,v2,1960-01-01,2049-12-31,FALSE,FALSE,TRUE,TRUE,TRUE,FALSE,FALSE,TRUE,FALSE,TRUE,TRUE,FALSE,FALSE,,,simulation_inter-RGT+Merlin,,,
49,TRUE,fixed,auto,WM_sfix_hauto,Soy_sfix_hauto,sim_MM.json,crop_MM.json,site.json,TRUE,dwd_core_ensemble,dwd_core_ensemble/csvs_dwd_core_ensemble/{gcm}/{rcm}/{scenario}/{ensmem}/{version}/row-{crow}/col-{ccol}.csv,CCCma-CanESM2,CLMcom-CCLM4-8-17,rcp85,r1i1p1,v1,1960-01-01,2049-12-31,FALSE,FALSE,TRUE,TRUE,TRUE,FALSE,FALSE,TRUE,FALSE,TRUE,TRUE,FALSE,FALSE,,,simulation_inter-Moschus+Merlin,,,
50,TRUE,fixed,auto,WM_sfix_hauto,Soy_sfix_hauto,sim_MM.json,crop_MM.json,site.json,TRUE,dwd_core_ensemble,dwd_core_ensemble/csvs_dwd_core_ensemble/{gcm}/{rcm}/{scenario}/{ensmem}/{version}/row-{crow}/col-{ccol}.csv,ICHEC-EC-EARTH,KNMI-RACMO22E,rcp26,r12i1p1,v1,1960-01-01,2049-12-31,FALSE,FALSE,TRUE,TRUE,TRUE,FALSE,FALSE,TRUE,FALSE,TRUE,TRUE,FALSE,FALSE,,,simulation_inter-Moschus+Merlin,,,
51,TRUE,fixed,auto,WM_sfix_hauto,Soy_sfix_hauto,sim_MM.json,crop_MM.json,site.json,TRUE,dwd_core_ensemble,dwd_core_ensemble/csvs_dwd_core_ensemble/{gcm}/{rcm}/{scenario}/{ensmem}/{version}/row-{crow}/col-{ccol}.csv,ICHEC-EC-EARTH,KNMI-RACMO22E,rcp45,r12i1p1,v1,1960-01-01,2049-12-31,FALSE,FALSE,TRUE,TRUE,TRUE,FALSE,FALSE,TRUE,FALSE,TRUE,TRUE,FALSE,FALSE,,,simulation_inter-Moschus+Merlin,,,
52,TRUE,fixed,auto,WM_sfix_hauto,Soy_sfix_hauto,sim_MM.json,crop_MM.json,site.json,TRUE,dwd_core_ensemble,dwd_core_ensemble/csvs_dwd_core_ensemble/{gcm}/{rcm}/{scenario}/{ensmem}/{version}/row-{crow}/col-{ccol}.csv,ICHEC-EC-EARTH,KNMI-RACMO22E,rcp85,r1i1p1,v1,1960-01-01,2049-12-31,FALSE,FALSE,TRUE,TRUE,TRUE,FALSE,FALSE,TRUE,FALSE,TRUE,TRUE,FALSE,FALSE,,,simulation_inter-Moschus+Merlin,,,
53,TRUE,fixed,auto,WM_sfix_hauto,Soy_sfix_hauto,sim_MM.json,crop_MM.json,site.json,TRUE,dwd_core_ensemble,dwd_core_ensemble/csvs_dwd_core_ensemble/{gcm}/{rcm}/{scenario}/{ensmem}/{version}/row-{crow}/col-{ccol}.csv,MIROC-MIROC5,CLMcom-CCLM4-8-17,rcp26,r1i1p1,v1,1960-01-01,2049-12-31,FALSE,FALSE,TRUE,TRUE,TRUE,FALSE,FALSE,TRUE,FALSE,TRUE,TRUE,FALSE,FALSE,,,simulation_inter-Moschus+Merlin,,,
54,TRUE,fixed,auto,WM_sfix_hauto,Soy_sfix_hauto,sim_MM.json,crop_MM.json,site.json,TRUE,dwd_core_ensemble,dwd_core_ensemble/csvs_dwd_core_ensemble/{gcm}/{rcm}/{scenario}/{ensmem}/{version}/row-{crow}/col-{ccol}.csv,MIROC-MIROC5,GERICS-REMO2015,rcp85,r1i1p1,v1,1960-01-01,2049-12-31,FALSE,FALSE,TRUE,TRUE,TRUE,FALSE,FALSE,TRUE,FALSE,TRUE,TRUE,FALSE,FALSE,,,simulation_inter-Moschus+Merlin,,,
55,TRUE,fixed,auto,WM_sfix_hauto,Soy_sfix_hauto,sim_MM.json,crop_MM.json,site.json,TRUE,dwd_core_ensemble,dwd_core_ensemble/csvs_dwd_core_ensemble/{gcm}/{rcm}/{scenario}/{ensmem}/{version}/row-{crow}/col-{ccol}.csv,MPI-M-MPI-ESM-LR,MPI-CSC-REMO2009,rcp26,r2i1p1,v1,1960-01-01,2049-12-31,FALSE,FALSE,TRUE,TRUE,TRUE,FALSE,FALSE,TRUE,FALSE,TRUE,TRUE,FALSE,FALSE,,,simulation_inter-Moschus+Merlin,,,
56,TRUE,fixed,auto,WM_sfix_hauto,Soy_sfix_hauto,sim_MM.json,crop_MM.json,site.json,TRUE,dwd_core_ensemble,dwd_core_ensemble/csvs_dwd_core_ensemble/{gcm}/{rcm}/{scenario}/{ensmem}/{version}/row-{crow}/col-{ccol}.csv,MPI-M-MPI-ESM-LR,MPI-CSC-REMO2009,rcp45,r2i1p1,v1,1960-01-01,2049-12-31,FALSE,FALSE,TRUE,TRUE,TRUE,FALSE,FALSE,TRUE,FALSE,TRUE,TRUE,FALSE,FALSE,,,simulation_inter-Moschus+Merlin,,,
57,TRUE,fixed,auto,WM_sfix_hauto,Soy_sfix_hauto,sim_MM.json,crop_MM.json,site.json,TRUE,dwd_core_ensemble,dwd_core_ensemble/csvs_dwd_core_ensemble/{gcm}/{rcm}/{scenario}/{ensmem}/{version}/row-{crow}/col-{ccol}.csv,MPI-M-MPI-ESM-LR,MPI-CSC-REMO2009,rcp85,r2i1p1,v1,1960-01-01,2049-12-31,FALSE,FALSE,TRUE,TRUE,TRUE,FALSE,FALSE,TRUE,FALSE,TRUE,TRUE,FALSE,FALSE,,,simulation_inter-Moschus+Merlin,,,
58,TRUE,fixed,auto,WM_sfix_hauto,Soy_sfix_hauto,sim_MM.json,crop_MM.json,site.json,TRUE,dwd_core_ensemble,dwd_core_ensemble/csvs_dwd_core_ensemble/{gcm}/{rcm}/{scenario}/{ensmem}/{version}/row-{crow}/col-{ccol}.csv,MOHC-HadGEM2-ES,CLMcom-CCLM4-8-17,rcp45,r1i1p1,v1,1960-01-01,2049-12-31,FALSE,FALSE,TRUE,TRUE,TRUE,FALSE,FALSE,TRUE,FALSE,TRUE,TRUE,FALSE,FALSE,,,simulation_inter-Moschus+Merlin,,,
59,TRUE,fixed,auto,WM_sfix_hauto,Soy_sfix_hauto,sim_MM.json,crop_MM.json,site.json,TRUE,dwd_core_ensemble,dwd_core_ensemble/csvs_dwd_core_ensemble/{gcm}/{rcm}/{scenario}/{ensmem}/{version}/row-{crow}/col-{ccol}.csv,MOHC-HadGEM2-ES,CLMcom-CCLM4-8-17,rcp85,r1i1p1,v1,1960-01-01,2049-12-31,FALSE,FALSE,TRUE,TRUE,TRUE,FALSE,FALSE,TRUE,FALSE,TRUE,TRUE,FALSE,FALSE,,,simulation_inter-Moschus+Merlin,,,
60,TRUE,fixed,auto,WM_sfix_hauto,Soy_sfix_hauto,sim_MM.json,crop_MM.json,site.json,TRUE,dwd_core_ensemble,dwd_core_ensemble/csvs_dwd_core_ensemble/{gcm}/{rcm}/{scenario}/{ensmem}/{version}/row-{crow}/col-{ccol}.csv,MOHC-HadGEM2-ES,KNMI-RACMO22E,rcp26,r1i1p1,v2,1960-01-01,2049-12-31,FALSE,FALSE,TRUE,TRUE,TRUE,FALSE,FALSE,TRUE,FALSE,TRUE,TRUE,FALSE,FALSE,,,simulation_inter-Moschus+Merlin,,,
61,TRUE,fixed,auto,WW_sfix_hauto,Soy_sfix_hauto,sim.json,crop.json,site.json,TRUE,dwd_core_ensemble,dwd_core_ensemble/csvs_dwd_core_ensemble/{gcm}/{rcm}/{scenario}/{ensmem}/{version}/row-{crow}/col-{ccol}.csv,CCCma-CanESM2,CLMcom-CCLM4-8-17,rcp85,r1i1p1,v1,2004-08-01,2007-12-31,FALSE,FALSE,TRUE,TRUE,TRUE,FALSE,FALSE,TRUE,FALSE,TRUE,TRUE,FALSE,FALSE,,,simulation_sole wheat -RGT,,,
62,TRUE,fixed,auto,WW_sfix_hauto,Soy_sfix_hauto,sim.json,crop.json,site.json,TRUE,"",isimip/3b_v1.1_CMIP6/csvs/{gcm}/{scenario}/{ensmem}/row-{crow}/col-{ccol}.csv.gz,GFDL-ESM4,"",ssp126,r1i1p1f1,"",1960-01-01,2049-12-31,FALSE,FALSE,TRUE,TRUE,TRUE,FALSE,FALSE,TRUE,FALSE,TRUE,TRUE,FALSE,FALSE,,,simulation_sole wheat -RGT,,,